{
    "metrics": {
        "http_req_connecting": {
            "avg": 40.591094592512796,
            "min": 25.265,
            "med": 38.2605,
            "max": 1051.597,
            "p(90)": 44.2448,
            "p(95)": 46.338899999999995
        },
        "http_req_blocked": {
            "avg": 133.8980092435676,
            "min": 103.729,
            "med": 129.826,
            "max": 1163.469,
            "p(90)": 143.32479999999998,
            "p(95)": 149.00585
        },
        "data_received": {
            "count": 102940724,
            "rate": 358970.62288636784
        },
        "iteration_duration": {
            "avg": 2766.575192671698,
            "min": 583.154375,
            "med": 1779.4069585,
            "max": 13381.551458,
            "p(90)": 6545.756395800001,
            "p(95)": 8311.203595799998
        },
        "vus": {
            "value": 5,
            "min": 1,
            "max": 299
        },
        "data_sent": {
            "count": 25665414,
            "rate": 89499.36713303576
        },
        "http_req_tls_handshaking": {
            "avg": 93.23297735325754,
            "min": 71.659,
            "med": 91.263,
            "max": 453.369,
            "p(90)": 102.0886,
            "p(95)": 106.49219999999998
        },
        "http_req_waiting": {
            "med": 1340.3705,
            "max": 12949.626,
            "p(90)": 6108.9678,
            "p(95)": 7876.101899999999,
            "avg": 2331.1549727314864,
            "min": 160.24
        },
        "vus_max": {
            "value": 300,
            "min": 300,
            "max": 300
        },
        "iterations": {
            "count": 12982,
            "rate": 45.27029192363973
        },
        "http_reqs": {
            "count": 12982,
            "rate": 45.27029192363973
        },
        "group_duration": {
            "avg": 1844.3233628137125,
            "min": 282.659584,
            "med": 814.7865625,
            "max": 13381.4735,
            "p(90)": 5131.245167,
            "p(95)": 7302.765885499998
        },
        "http_req_duration{expected_response:true}": {
            "avg": 2331.3834512401727,
            "min": 160.419,
            "med": 1340.7235,
            "max": 12950.84,
            "p(90)": 6109.850100000001,
            "p(95)": 7876.271599999999
        },
        "http_req_receiving": {
            "avg": 0.18162301648436402,
            "min": 0.016,
            "med": 0.11,
            "max": 14.586,
            "p(90)": 0.3,
            "p(95)": 0.503
        },
        "checks": {
            "passes": 12982,
            "fails": 0,
            "value": 1
        },
        "failed_requests": {
            "passes": 0,
            "fails": 12982,
            "thresholds": {
                "rate<0.1": false
            },
            "value": 0
        },
        "http_req_sending": {
            "avg": 0.04685549221999623,
            "min": 0.007,
            "med": 0.041,
            "max": 12.113,
            "p(90)": 0.072,
            "p(95)": 0.088
        },
        "http_req_failed": {
            "passes": 0,
            "fails": 12982,
            "value": 0
        },
        "http_req_duration": {
            "p(95)": 7876.271599999999,
            "avg": 2331.3834512401727,
            "min": 160.419,
            "med": 1340.7235,
            "max": 12950.84,
            "p(90)": 6109.850100000001,
            "thresholds": {
                "avg<3000": false,
                "p(95)<15000": false
            }
        }
    },
    "root_group": {
        "groups": {
            "Sending PreSigned URL request": {
                "name": "Sending PreSigned URL request",
                "path": "::Sending PreSigned URL request",
                "id": "a009924ba006ad0bc762c09886573a8e",
                "groups": {
                    "http get": {
                        "name": "http get",
                        "path": "::Sending PreSigned URL request::http get",
                        "id": "33ad1d313bc086ca3e766df8febb83b3",
                        "groups": {},
                        "checks": {
                                "is status 200": {
                                    "path": "::Sending PreSigned URL request::http get::is status 200",
                                    "id": "ea72b984f63c3ef679548d0b498faa05",
                                    "passes": 12982,
                                    "fails": 0,
                                    "name": "is status 200"
                                }
                            }
                    },
                    "wait 0.3s between requests": {
                        "id": "6e88be294e5926ce0de7aaef3db12686",
                        "groups": {},
                        "checks": {},
                        "name": "wait 0.3s between requests",
                        "path": "::Sending PreSigned URL request::wait 0.3s between requests"
                    }
                },
                "checks": {}
            }
        },
        "checks": {},
        "name": "",
        "path": "",
        "id": "d41d8cd98f00b204e9800998ecf8427e"
    }
}
